author,rank,term,score,filtered
김유정,1,점순이가,0.017770193071948874,False
김유정,2,지게,0.017585071655881204,False
김유정,3,덕순이는,0.01698916632799919,False
김유정,4,이걸,0.016721274220310955,False
김유정,5,걸,0.015494255906725181,False
김유정,6,만치,0.014813163407917293,False
김유정,7,대뜸,0.01450014026598675,False
김유정,8,적마다,0.014460039511606808,False
김유정,9,하고,0.01430739824204906,False
김유정,10,것이다.,0.014047243139517931,False
김유정,11,점순이의,0.013876292272269324,False
김유정,12,“그럼,0.013409733834721577,False
김유정,13,이놈의,0.013236275875124302,False
김유정,14,뭘,0.012860408818836253,False
김유정,15,그걸,0.012789489652354671,False
김유정,16,약이,0.012763351527388386,False
김유정,17,안,0.012627870842313088,False
김유정,18,그리고,0.012393618122009896,False
김유정,19,지게 막대기를,0.012001608631122894,False
김유정,20,장인님이,0.011986811825305706,False
김유정,21,못,0.01190003493044031,False
김유정,22,인젠,0.011718353257919832,False
김유정,23,썩,0.011643521745303068,False
김유정,24,하는 것이다.,0.01154139332968896,False
김유정,25,고만,0.01147712354715767,False
김유정,26,모른다.,0.011365987723604129,False
김유정,27,퍽,0.01128202316685315,False
김유정,28,한번,0.01120353439815439,False
김유정,29,제,0.011054152116402734,False
김유정,30,아닌가.,0.0109681572549966,False
이상,1,나는,0.015791133245031078,False
이상,2,않는다.,0.013228969409054856,False
이상,3,없다.,0.012542901974136229,False
이상,4,그러나 나는,0.012534536233519725,False
이상,5,외에,0.012379462635438132,False
이상,6,나는이,0.012048042039117041,False
이상,7,나를,0.011576943258777776,False
이상,8,연이는,0.011396271106908681,False
이상,9,위하여,0.011248438420029422,False
이상,10,내게는,0.011173046506366026,False
이상,11,것이다. 나는,0.010943237904088486,False
이상,12,왜?,0.010826420423972615,False
이상,13,실로,0.01068165352758469,False
이상,14,참,0.010671200945151348,False
이상,15,아무것도,0.010484014406845935,False
이상,16,없다. 그러나,0.01047742193137615,False
이상,17,너무나,0.010443676847972313,False
이상,18,잔다.,0.010442128572692723,False
이상,19,것이다.,0.010384092852529742,False
이상,20,이상,0.010353868545833212,False
이상,21,나는 그,0.010329083294648824,False
이상,22,아니다.,0.010295239488013535,False
이상,23,이,0.010284091620832034,False
이상,24,그들은,0.010189387218251819,False
이상,25,틀림없다.,0.010174586517750498,False
이상,26,내가,0.010068163123073461,False
이상,27,없는,0.010063898549442342,False
이상,28,나는 내,0.010057784502445828,False
이상,29,그럼,0.010012610639436294,False
이상,30,없다. 나는,0.009971993348022325,False
이효석,1,까닭에,0.01386491377507362,False
이효석,2,허생원은,0.013439299308211514,False
이효석,3,대체,0.012895485060190882,False
이효석,4,수밖에는,0.0122230153274718,False
이효석,5,어느결엔지,0.011493390833876363,False
이효석,6,속에,0.011467238932213823,False
이효석,7,것이다.,0.01138235040476584,False
이효석,8,없었다.,0.01083527429830962,False
이효석,9,자태가,0.01079001405853098,False
이효석,10,것이었다.,0.010757853611548622,False
이효석,11,어둠,0.010335173993790261,False
이효석,12,거의,0.010233100145673425,False
이효석,13,유우라는,0.01022845976547678,False
이효석,14,수밖에는 없었다.,0.010055674442709845,False
이효석,15,넓은,0.01005424505168633,False
이효석,16,벌써,0.01003622946843723,False
이효석,17,한층,0.00999312037735531,False
이효석,18,금시에,0.00995104742819367,False
이효석,19,동이의,0.00994523757183221,False
이효석,20,듯이,0.009683166502659152,False
이효석,21,없는,0.009667946701502981,False
이효석,22,않으면,0.009660481540013758,False
이효석,23,듯도,0.009655234525285702,False
이효석,24,몇,0.009496756000095589,False
이효석,25,아래에,0.009421802195479655,False
이효석,26,것은,0.009405063449456987,False
이효석,27,것일까.,0.009385689676559278,False
이효석,28,모르는 결에,0.009148738965363593,False
이효석,29,형태는,0.00907932568851043,False
이효석,30,있었다.,0.009047144368305199,False
현진건,1,매우,0.015427309675050788,False
현진건,2,아모,0.015115400506096902,False
현진건,3,그는,0.014981604291632934,False
현진건,4,나는,0.014847589408405113,False
현진건,5,라고,0.014645622845612317,False
현진건,6,듯이,0.013978113222924261,False
현진건,7,김첨지는,0.013206747169881534,False
현진건,8,이런 말을,0.013038292558131081,False
현진건,9,처녀는,0.013032466634150666,False
현진건,10,그의,0.012635073437868521,False
현진건,11,하고,0.012599636957367061,False
현진건,12,었다.,0.012509460990425457,False
현진건,13,셋째,0.012214533139280972,False
현진건,14,할머니는,0.012153484727085433,False
현진건,15,"둥,",0.012053684335627526,False
현진건,16,학생은,0.01182317988056418,False
현진건,17,나를,0.011732055941504895,False
현진건,18,이런,0.01166591546319959,False
현진건,19,연해,0.0114190338342991,False
현진건,20,제,0.011356790151347721,False
현진건,21,하였다.,0.011320131228565237,False
현진건,22,못,0.011258948917265954,False
현진건,23,b,0.011199984310537406,False
현진건,24,나의,0.011158699764205558,False
현진건,25,하며,0.010914858439507603,False
현진건,26,잠,0.010811526764585362,False
현진건,27,“저를,0.010791797671761914,False
현진건,28,모양으로,0.010719599409318489,False
현진건,29,없었다.,0.010625489285232423,False
현진건,30,있었다.,0.010621890157791624,False
채만식,1,다아,0.016451105272961557,False
채만식,2,미스터,0.01292433377930035,False
채만식,3,죄선,0.011764203993552887,False
채만식,4,시방,0.011711336651504374,False
채만식,5,십만,0.011617896693832574,False
채만식,6,아뭏든,0.010839832856228054,False
채만식,7,게,0.010428635480067991,False
채만식,8,"아니라,",0.010338155306960108,False
채만식,9,p는,0.010313269167361173,False
채만식,10,원,0.010264538084851843,False
채만식,11,것이었었다.,0.010179383730554993,False
채만식,12,돈,0.010035155717987158,False
채만식,13,미스터 방은,0.009936064475394748,False
채만식,14,부자가,0.009669039520618672,False
채만식,15,서울로,0.009441911895148291,False
채만식,16,가령,0.009423544600980494,False
채만식,17,코삐뚤이,0.009264721072970402,False
채만식,18,백주사는,0.009264721072970402,False
채만식,19,도루,0.009175990231725481,False
채만식,20,명색,0.00915397917276346,False
채만식,21,해서,0.009020190043614824,False
채만식,22,돈을,0.009002965913284488,False
채만식,23,그렇지만,0.00891548275173689,False
채만식,24,"""아저씨?“",0.008906997816627554,False
채만식,25,삼복은,0.008862982286762874,False
채만식,26,남의,0.008838363365695235,False
채만식,27,"없고,",0.008788467661840186,False
채만식,28,헌,0.008709227670052624,False
채만식,29,백,0.008653565737123914,False
채만식,30,그런,0.00861523443452294,False
이광수,1,아니하였다.,0.01700190716995118,False
이광수,2,문호의,0.014564253155972802,False
이광수,3,문호는,0.014078947053988562,False
이광수,4,아니하고,0.013553518692391322,False
이광수,5,광호는,0.01280969481813259,False
이광수,6,──,0.012691196181362458,False
이광수,7,광호의,0.012359108534314657,False
이광수,8,하였다.,0.012208827256607095,False
이광수,9,때에,0.012002444578823945,False
이광수,10,하고,0.011940422095454569,False
이광수,11,혹,0.011804251512953437,False
이광수,12,준원은,0.011638788219828392,False
이광수,13,곁에,0.011582199001133907,False
이광수,14,중에,0.01126703742820152,False
이광수,15,웃는다.,0.011256343717572496,False
이광수,16,난수를,0.01119671914786144,False
이광수,17,모양으로,0.011087986664116128,False
이광수,18,난수는,0.011032213864939779,False
이광수,19,가실은,0.010905501039411932,False
이광수,20,문해는,0.010857732631225752,False
이광수,21,문호가,0.010857732631225752,False
이광수,22,그러고,0.01076988035691697,False
이광수,23,난수의,0.010671986964650566,False
이광수,24,대하여,0.01055598413464183,False
이광수,25,그 중에,0.010544103513465956,False
이광수,26,광호를,0.010511880053863096,False
이광수,27,문호를,0.010473421415310456,False
이광수,28,준원의,0.010367791592147579,False
이광수,29,광호가,0.010367791592147579,False
이광수,30,때에는,0.010310476694928988,False
김동인,1,*,0.021714314952040882,False
김동인,2,그는,0.01765058543182669,False
김동인,3,그의,0.017567546151444444,False
김동인,4,복녀는,0.0173429986294669,False
김동인,5,아직껏,0.016168756286376373,False
김동인,6,복녀의,0.0156599229440512,False
김동인,7,뒤에,0.015283100489242798,False
김동인,8,거기는,0.01402425830113585,False
김동인,9,때때로,0.013885426628085538,False
김동인,10,왕서방의,0.013708949445661782,False
김동인,11,왕서방은,0.013271600538048154,False
김동인,12,칠성문,0.013271600538048154,False
김동인,13,여의,0.01277953761049612,False
김동인,14,'삵'의,0.01277953761049612,False
김동인,15,수가 없었다.,0.01261842865261442,False
김동인,16,여는,0.012604354269768428,False
김동인,17,있었다.,0.012579709815160533,False
김동인,18,뒤에 그는,0.012518947599115978,False
김동인,19,하였다.,0.012275015622043714,False
김동인,20,만약,0.011956479963238726,False
김동인,21,송,0.011944943793251254,False
김동인,22,없었다.,0.011793089802266026,False
김동인,23,수가,0.011719579830832853,False
김동인,24,"“자,",0.011611909724928027,False
김동인,25,칠성문 밖,0.011588524852632455,False
김동인,26,차차,0.011550039867753166,False
김동인,27,그를,0.011545167007831592,False
김동인,28,뒤에는,0.011467983238707118,False
김동인,29,곧,0.011448135723010879,False
김동인,30,"때에,",0.011433497929641679,False
나도향,1,그는,0.014628351976036479,False
나도향,2,언제든지,0.013622853587551793,False
나도향,3,자기의,0.013332479803272186,False
나도향,4,또는,0.013291145283621582,False
나도향,5,나의,0.012963595801509246,False
나도향,6,알지,0.012835082440149932,False
나도향,7,자기,0.01279661070207124,False
나도향,8,그의,0.01257316487593833,False
나도향,9,자!,0.01235712284862522,False
나도향,10,것보다도,0.012228539288961277,False
나도향,11,계집의,0.01211782127367974,False
나도향,12,어떠한,0.011897241827409932,False
나도향,13,안협집은,0.011678495707123506,False
나도향,14,마음은,0.011660025314529539,False
나도향,15,방원은,0.011592462887775025,False
나도향,16,나는,0.011214937529303408,False
나도향,17,삼돌이란,0.011194708834213446,False
나도향,18,하고,0.011136563945414603,False
나도향,19,다시,0.011065545346807164,False
나도향,20,하였다.,0.011032269841935434,False
나도향,21,계집,0.011019011600324074,False
나도향,22,벙어리는,0.01101651101949654,False
나도향,23,마치,0.010985314951887672,False
나도향,24,"때,",0.010945033560748609,False
나도향,25,자기가,0.010836605797360569,False
나도향,26,날마다,0.01077294003237869,False
나도향,27,그것을,0.010662577713158906,False
나도향,28,알지 못하였다.,0.010551297445634347,False
나도향,29,하여,0.010541719918428762,False
나도향,30,계집은,0.010499536161738224,False
심훈,1,세철은,0.023035712399661033,False
심훈,2,봉희는,0.02175881535020121,False
심훈,3,봉희의,0.019135956244401696,False
심훈,4,세철의,0.01836448343784875,False
심훈,5,저의,0.01373854350907939,False
심훈,6,세철이가,0.013401323060721136,False
심훈,7,하고,0.013225488085158542,False
심훈,8,여간,0.012376315442058323,False
심훈,9,돌려다,0.01167424909376199,False
심훈,10,자작은,0.011574562406677218,False
심훈,11,하고는,0.011380972876150443,False
심훈,12,하고 세철은,0.011346084546266236,False
심훈,13,단장을,0.010784125198088811,False
심훈,14,목소리를,0.010522342515270993,False
심훈,15,몇번이나,0.010509599960326788,False
심훈,16,저를,0.01003735947504977,False
심훈,17,세철을,0.009960923347839871,False
심훈,18,그동안,0.009744593664928476,False
심훈,19,머리를,0.009650124278056074,False
심훈,20,듯,0.009646894410910304,False
심훈,21,아버지의,0.00964042979278346,False
심훈,22,어찌나,0.009626719361193695,False
심훈,23,그동안 지낸,0.009550795344618506,False
심훈,24,고모는,0.009490214796139965,False
심훈,25,그제야,0.009486200861419667,False
심훈,26,정말,0.00943846397209962,False
심훈,27,봉환은,0.00930828872529158,False
심훈,28,봉희를,0.009283821006652298,False
심훈,29,것이다.,0.009277113577713856,False
심훈,30,몰래,0.00927424295290764,False
최서해,1,때면,0.015180318770550363,False
최서해,2,이때,0.015130241134483146,False
최서해,3,소리는,0.014340224542589233,False
최서해,4,검붉은,0.014076216062962221,False
최서해,5,경수는,0.014024296599032213,False
최서해,6,그는,0.013432980504752657,False
최서해,7,점점,0.013240008568806064,False
최서해,8,아내는,0.013033190827817683,False
최서해,9,고요히,0.012896794916766978,False
최서해,10,김군!,0.012734174185878664,False
최서해,11,어머니는,0.012678149260874174,False
최서해,12,퍽,0.012657393809413027,False
최서해,13,“에구,0.012590501477597642,False
최서해,14,박돌,0.012229482676252498,False
최서해,15,아내의,0.012204582300883183,False
최서해,16,가슴에,0.01214829472300014,False
최서해,17,박돌의,0.01208195513087005,False
최서해,18,문 서방은,0.012071455862312957,False
최서해,19,나는,0.012004357799645054,False
최서해,20,몹시,0.011938240618642505,False
최서해,21,에구,0.011774290598343291,False
최서해,22,창문을,0.011632240722006137,False
최서해,23,나뭇짐을,0.011569981956399474,False
최서해,24,문 서방의,0.011541495724180955,False
최서해,25,낯을,0.011432868206706297,False
최서해,26,경수의,0.011275609252773024,False
최서해,27,가슴은,0.011240045969105088,False
최서해,28,머리를,0.011229023779864292,False
최서해,29,나무를,0.011211642429222674,False
최서해,30,못,0.01115909158140108,False
강경애,1,"k야,",0.014114631501270633,False
강경애,2,k선생은,0.0137181750414349,False
강경애,3,약간,0.01325421946792004,False
강경애,4,한숨을 푹,0.012912287244822448,False
강경애,5,남편은,0.011859985291401035,False
강경애,6,맘이,0.011744163525113734,False
강경애,7,요새,0.011734001315882293,False
강경애,8,보다도,0.011193581238980368,False
강경애,9,이러한,0.011065393432924594,False
강경애,10,머리를,0.010994636163801582,False
강경애,11,맘에,0.010864673336156093,False
강경애,12,그의,0.010694931548344317,False
강경애,13,학생들은,0.010685548459171957,False
강경애,14,그래서,0.010640333400511156,False
강경애,15,그러고,0.010492709764238151,False
강경애,16,그는,0.010441320792472954,False
강경애,17,푹,0.010415515261938168,False
강경애,18,그나마,0.01036016809641549,False
강경애,19,버쩍,0.010324412041693917,False
강경애,20,남편의,0.010285641122852483,False
강경애,21,화끈,0.010140678174689957,False
강경애,22,교장은,0.010113918629772357,False
강경애,23,최 교장은,0.010113918629772357,False
강경애,24,이때까지,0.01011009545443128,False
강경애,25,바라보았다.,0.010092336462065931,False
강경애,26,그리고 그의,0.010024460359262475,False
강경애,27,최,0.009953855541684365,False
강경애,28,일어나는,0.009862227335666498,False
강경애,29,그때,0.009785259759771207,False
강경애,30,것이다.,0.009776522231066117,False
계용묵,1,그리하여,0.017052030439747193,False
계용묵,2,-,0.015186954418895044,False
계용묵,3,꽃분이의,0.015098811109059987,False
계용묵,4,문혜는,0.015098811109059987,False
계용묵,5,문혜가,0.014542583742414043,False
계용묵,6,마음을,0.014135709776521158,False
계용묵,7,끌채를,0.013277984831793207,False
계용묵,8,어머니의,0.012922070992118836,False
계용묵,9,이년아!”,0.012784513423536885,False
계용묵,10,것이다.,0.012760800069747742,False
계용묵,11,아다다는,0.012707636149720706,False
계용묵,12,자기의,0.012563466373983954,False
계용묵,13,제비가,0.012525981201828691,False
계용묵,14,꽃분이는,0.012323003651338149,False
계용묵,15,문혜의,0.012323003651338149,False
계용묵,16,자기를,0.012057405047942175,False
계용묵,17,영원히,0.011885275384856467,False
계용묵,18,다.,0.01182807128149091,False
계용묵,19,아니,0.011791423766375658,False
계용묵,20,아들은,0.011713122842520542,False
계용묵,21,아니하고,0.011707759145388949,False
계용묵,22,이러한,0.0115585764962427,False
계용묵,23,듯이,0.01148499454261752,False
계용묵,24,것,0.011441335372676721,False
계용묵,25,꽃분이를,0.011269213950301523,False
계용묵,26,거울이,0.011245600917325783,False
계용묵,27,없었다.,0.011045251800019373,False
계용묵,28,욕에,0.011008748036107185,False
계용묵,29,없는,0.010877100250888623,False
계용묵,30,근심이었다.,0.010776149382308049,False
백신애,1,─,0.01679054436400105,False
백신애,2,있었습니다.,0.01379223475738238,False
백신애,3,늙은이는,0.013058471803187859,False
백신애,4,그 날,0.012872681910608684,False
백신애,5,후,0.012858982158940038,False
백신애,6,와락,0.012410444517449801,False
백신애,7,x,0.012140214850016165,False
백신애,8,그대로,0.011880919617549232,False
백신애,9,지금까지,0.011836775877369834,False
백신애,10,하며,0.011601944799558136,False
백신애,11,까닭에,0.011591976148188427,False
백신애,12,라고,0.011304427901419316,False
백신애,13,말했습니다.,0.01124551153821867,False
백신애,14,나에게,0.011212750746087127,False
백신애,15,아이구,0.011113731382128893,False
백신애,16,나는 가슴이,0.011095199285930724,False
백신애,17,순이는,0.011079295190374311,False
백신애,18,그이가,0.011044942962168474,False
백신애,19,합니다.,0.011036718445337606,False
백신애,20,얼른,0.010977243407468286,False
백신애,21,먹지,0.010766263423744244,False
백신애,22,나는,0.010766160293229765,False
백신애,23,─.,0.010731582815723286,False
백신애,24,순이의,0.010653777910673567,False
백신애,25,군인은,0.010653777910673567,False
백신애,26,x x,0.010632409973306837,False
백신애,27,했습니다.,0.010542191499758807,False
백신애,28,자꾸,0.010495501547934973,False
백신애,29,그이의,0.010405030798655015,False
백신애,30,이제는,0.010380049134894452,False
조명희,1,터이다.,0.016218010638405403,False
조명희,2,말이다.,0.014437451772128854,False
조명희,3,이때껏,0.014400382217728332,False
조명희,4,모양으로,0.01403244677358773,False
조명희,5,🙝,0.01401570697446997,False
조명희,6,🙟,0.01401570697446997,False
조명희,7,🙝 🙟,0.01401570697446997,False
조명희,8,필경에는,0.013707018501605063,False
조명희,9,있다.,0.013488729443030732,False
조명희,10,또한,0.013432557122550821,False
조명희,11,친구의,0.013267195867898195,False
조명희,12,바라다보고,0.012881733669748777,False
조명희,13,이,0.01267351324544769,False
조명희,14,일본,0.012271663370536418,False
조명희,15,되었다는,0.012131864579432298,False
조명희,16,하고,0.012036407561729169,False
조명희,17,나는,0.01186377148240738,False
조명희,18,바깥은,0.011756963616124497,False
조명희,19,"일,",0.011481984522577818,False
조명희,20,수 있다.,0.011401724915240143,False
조명희,21,보기도,0.01133470259576791,False
조명희,22,같다.,0.011315668297716528,False
조명희,23,견디어,0.011298485748249744,False
조명희,24,생활의,0.011234715624710744,False
조명희,25,하여,0.011190864757352006,False
조명희,26,있다가,0.010971072700799285,False
조명희,27,우두커니,0.010915862769643988,False
조명희,28,그는,0.010876711592744762,False
조명희,29,또는,0.01068314926164043,False
조명희,30,원보의,0.010614842637693092,False
이무영,1,"그래,",0.018058916985234843,False
이무영,2,했었다.,0.01573774489370837,False
이무영,3,박,0.015454384635234509,False
이무영,4,아버지는,0.013546163159751911,False
이무영,5,하구,0.013503414338493612,False
이무영,6,했고,0.013200294963295018,False
이무영,7,통,0.012738511882386483,False
이무영,8,윤,0.012567307000448304,False
이무영,9,뭐,0.012394398336848175,False
이무영,10,해두,0.012084061382219277,False
이무영,11,여덟,0.011583225825455458,False
이무영,12,터라,0.011534199338191383,False
이무영,13,땅을,0.011491630487212698,False
이무영,14,먹구,0.011470019437605485,False
이무영,15,해방,0.011450548998305748,False
이무영,16,무식한,0.011308052619740652,False
이무영,17,허지만,0.01121670943615235,False
이무영,18,나두,0.011056314777993556,False
이무영,19,안,0.011048642151376504,False
이무영,20,했다.,0.010944928438014,False
이무영,21,훈은,0.01085248619420593,False
이무영,22,건,0.010731412710174328,False
이무영,23,─,0.010654694607142376,False
이무영,24,했을,0.010612719420132963,False
이무영,25,이 사람은,0.01046078114586732,False
이무영,26,것이었다.,0.010445268024209078,False
이무영,27,것이다.,0.01042042024870021,False
이무영,28,이렇게,0.010293524078390931,False
이무영,29,못,0.01022594973809026,False
이무영,30,박 노인은,0.010004647892944163,False
