author,author_type,title,filename,relative_path,encoding_used,char_count,char_no_space_count,word_count,sentence_count,avg_sentence_length_words,sentence_length_std,sentence_length_median,short_sentence_ratio_1_3,sentence_ratio_4_7,sentence_ratio_8_15,long_sentence_ratio_16_plus,hangul_ratio,hanja_count,hanja_ratio,circle_count,circle_ratio,broken_char_ratio,quote_count,comma_count,question_count,exclamation_count,ellipsis_count,dialogue_sentence_ratio,comma_per_sentence,question_per_sentence,exclamation_per_sentence,ellipsis_per_sentence,lexical_diversity,first_person_expr_ratio,negation_expr_ratio,conceptual_expr_ratio,experimental_expr_ratio,nature_word_ratio,sensory_word_ratio,emotion_word_ratio,color_word_ratio,body_word_ratio,social_reality_word_ratio,rural_life_word_ratio,quality_flags
김유정,토속생활형,금_따는_콩밭,금_따는_콩밭.txt,final_corpus/김유정/금_따는_콩밭.txt,utf-8,10501,7752,2730,363,7.520661157024794,3.8140652560945285,7.0,0.12672176308539945,0.4325068870523416,0.4132231404958678,0.027548209366391185,0.9357585139318886,0,0.0,0,0.0,0.0,109,4,0,0,1,0.1928374655647383,0.011019283746556474,0.0,0.0,0.0027548209366391185,0.7326007326007326,0.04908424908424908,0.01904761904761905,0.00695970695970696,0.0018315018315018315,0.05531135531135531,0.00402930402930403,0.0014652014652014652,0.001098901098901099,0.030036630036630037,0.002564102564102564,0.03553113553113553,ok
김유정,토속생활형,동백꽃,동백꽃.txt,final_corpus/김유정/동백꽃.txt,utf-8,6919,5104,1821,169,10.775147928994082,5.7930051788157115,11.0,0.10650887573964497,0.22485207100591717,0.46153846153846156,0.20710059171597633,0.9459247648902821,0,0.0,0,0.0,0.0,62,32,19,19,0,0.27218934911242604,0.1893491124260355,0.11242603550295859,0.11242603550295859,0.0,0.6825919824272377,0.08072487644151564,0.026908292147171883,0.006589785831960461,0.0016474464579901153,0.05271828665568369,0.008237232289950576,0.003844041735310269,0.003844041735310269,0.029654036243822075,0.0,0.018671059857221308,short_text
김유정,토속생활형,땡볕,땡볕.txt,final_corpus/김유정/땡볕.txt,utf-8,6253,4608,1647,125,13.176,8.284987869635055,13.0,0.12,0.176,0.376,0.328,0.9377170138888888,0,0.0,0,0.0,0.0,84,56,15,13,12,0.384,0.448,0.12,0.104,0.096,0.726775956284153,0.058287795992714025,0.02185792349726776,0.025500910746812388,0.004857316332726169,0.03946569520340012,0.00546448087431694,0.004250151791135397,0.0024286581663630845,0.03946569520340012,0.0018214936247723133,0.014571948998178506,short_text
김유정,토속생활형,만무방,만무방.txt,final_corpus/김유정/만무방.txt,utf-8,22840,16903,5956,699,8.52074391988555,5.095433902709723,7.0,0.0715307582260372,0.44206008583690987,0.4177396280400572,0.06866952789699571,0.9258711471336449,0,0.0,0,0.0,0.0,224,239,33,28,28,0.17024320457796852,0.3419170243204578,0.04721030042918455,0.04005722460658083,0.04005722460658083,0.6433848220282069,0.05288784419073204,0.02048354600402955,0.007387508394895903,0.0023505708529214238,0.060946944257891204,0.005708529214237743,0.0031900604432505038,0.0015110812625923438,0.03760913364674278,0.00755540631296172,0.020651443922095367,ok
김유정,토속생활형,봄봄,봄봄.txt,final_corpus/김유정/봄봄.txt,utf-8,11424,8394,3052,286,10.671328671328672,6.1652945003941655,11.0,0.13286713286713286,0.17132867132867133,0.5314685314685315,0.16433566433566432,0.9291160352632833,0,0.0,0,0.0,0.0,116,108,18,47,30,0.2972027972027972,0.3776223776223776,0.06293706293706294,0.16433566433566432,0.1048951048951049,0.6408912188728703,0.06520314547837483,0.025884665792922673,0.006880733944954129,0.001965923984272608,0.051769331585845346,0.00655307994757536,0.000655307994757536,0.000655307994757536,0.025557011795543906,0.001310615989515072,0.019331585845347315,ok
이상,실험내면형,12월_12일,12월_12일.txt,final_corpus/이상/12월_12일.txt,utf-8,106294,78961,26980,2164,12.467652495378928,10.61153976526388,10.0,0.1478743068391867,0.2231977818853974,0.3539741219963031,0.27495378927911274,0.9308519395651017,0,0.0,0,0.0,0.0,1518,130,160,271,81,0.3539741219963031,0.06007393715341959,0.07393715341959335,0.12523105360443623,0.03743068391866913,0.3848035581912528,0.06590066716085989,0.03005930318754633,0.024833209785025945,0.005596738324684952,0.043550778354336545,0.007635285396590067,0.008117123795404003,0.002742772424017791,0.02876204595997035,0.0037805782060785767,0.016382505559673834,long_text
이상,실험내면형,권태,권태.txt,final_corpus/이상/권태.txt,utf-8,10278,7593,2679,343,7.810495626822157,4.7049016731865985,7.0,0.14868804664723032,0.44314868804664725,0.33819241982507287,0.06997084548104957,0.9413933886474384,0,0.0,0,0.0,0.0,6,50,22,6,12,0.011661807580174927,0.1457725947521866,0.0641399416909621,0.01749271137026239,0.03498542274052478,0.64501679731243,0.0843598357596118,0.043673012318029114,0.02724897349757372,0.001866368047779022,0.07801418439716312,0.006718924972004479,0.0026129152668906306,0.008585293019783502,0.01791713325867861,0.001866368047779022,0.019036954087346025,ok
이상,실험내면형,날개,날개.txt,final_corpus/이상/날개.txt,utf-8,22634,16568,5929,641,9.249609984399376,6.975113148618548,8.0,0.1419656786271451,0.34321372854914195,0.3868954758190328,0.12792511700468018,0.9499637856108161,0,0.0,0,0.0,0.0,4,60,33,8,24,0.0046801872074883,0.093603744149766,0.0514820592823713,0.0124804992199688,0.0374414976599064,0.5245403946702648,0.15213358070500926,0.03339517625231911,0.02040816326530612,0.0033732501264968798,0.045876201720357564,0.0074211502782931356,0.0025299375948726597,0.0008433125316242199,0.03052791364479676,0.0069151627593186035,0.010625737898465172,ok
이상,실험내면형,실화,실화.txt,final_corpus/이상/실화.txt,utf-8,9305,7037,2267,308,7.3603896103896105,6.24213706777407,6.0,0.33766233766233766,0.2532467532467532,0.3246753246753247,0.08441558441558442,0.8431149637629671,0,0.0,0,0.0,0.0,121,21,23,25,12,0.237012987012987,0.06818181818181818,0.07467532467532467,0.08116883116883117,0.03896103896103896,0.6837229819144244,0.08028231142479048,0.026025584472871635,0.022055580061755623,0.0035288928098809,0.04146449051610057,0.0061755624172915745,0.00529333921482135,0.0022055580061755625,0.029113365681517425,0.0035288928098809,0.011027790030877812,ok
이상,실험내면형,종생기,종생기.txt,final_corpus/이상/종생기.txt,utf-8,17418,12955,4394,386,11.38341968911917,12.473936961987304,8.0,0.22538860103626943,0.2538860103626943,0.266839378238342,0.2538860103626943,0.9516016981860286,0,0.0,0,0.0,0.0,104,87,26,25,0,0.09067357512953368,0.22538860103626943,0.06735751295336788,0.06476683937823834,0.0,0.6845698680018206,0.09080564406008193,0.026854802002730997,0.00978607191624943,0.0038689121529358215,0.05211652253072371,0.0061447428311333634,0.0025034137460172965,0.015020482476103778,0.02913063268092854,0.001137915339098771,0.01297223486572599,ok
이효석,서정감각형,개살구,개살구.txt,final_corpus/이효석/개살구.txt,utf-8,20521,15001,4979,347,14.348703170028818,8.168401710412512,13.0,0.04610951008645533,0.14121037463976946,0.4322766570605187,0.3804034582132565,0.972335177654823,0,0.0,0,0.0,0.0,54,11,0,2,0,0.13256484149855907,0.03170028818443804,0.0,0.005763688760806916,0.0,0.6529423579031934,0.056838722635067285,0.018678449487848966,0.011046394858405303,0.004820245029122314,0.07652138983731673,0.010243020686884917,0.011046394858405303,0.005221932114882507,0.030528218517774652,0.0016067483430407712,0.02169110263105041,ok
이효석,서정감각형,도시와_유령,도시와_유령.txt,final_corpus/이효석/도시와_유령.txt,utf-8,12012,9043,2980,349,8.538681948424069,6.641608832974674,7.0,0.19197707736389685,0.3553008595988539,0.33810888252148996,0.11461318051575932,0.9302222713701206,0,0.0,0,0.0,0.0,154,30,19,28,42,0.2693409742120344,0.08595988538681948,0.054441260744985676,0.08022922636103152,0.12034383954154727,0.6406040268456376,0.07348993288590604,0.03053691275167785,0.015100671140939598,0.003355704697986577,0.06308724832214765,0.012751677852348993,0.0026845637583892616,0.0026845637583892616,0.029865771812080538,0.0020134228187919465,0.01040268456375839,ok
이효석,서정감각형,모밀꽃_필_무렵,모밀꽃_필_무렵.txt,final_corpus/이효석/모밀꽃_필_무렵.txt,utf-8,8299,6228,1993,245,8.13469387755102,5.655611301354022,7.0,0.15918367346938775,0.40408163265306124,0.3510204081632653,0.08571428571428572,0.9311175337186898,0,0.0,0,0.0,0.0,107,44,17,3,18,0.30612244897959184,0.17959183673469387,0.06938775510204082,0.012244897959183673,0.07346938775510205,0.8008028098344204,0.07124937280481686,0.021073758153537382,0.010536879076768691,0.0010035122930255895,0.07777220270948319,0.013547415955845458,0.005017561465127948,0.002508780732563974,0.050677370797792276,0.0015052684395383843,0.01655795283492223,short_text
이효석,서정감각형,산협,산협.txt,final_corpus/이효석/산협.txt,utf-8,27243,20403,6863,522,13.147509578544062,8.843210890579973,11.0,0.09961685823754789,0.21839080459770116,0.36398467432950193,0.31800766283524906,0.9621624270940548,0,0.0,0,0.0,0.0,139,48,6,0,38,0.2547892720306513,0.09195402298850575,0.011494252873563218,0.0,0.07279693486590039,0.6339793093399388,0.05289232114235757,0.02389625528194667,0.012968089756666181,0.0018942153577152848,0.07445723444557774,0.006556899315168294,0.007722570304531546,0.0029141774734081304,0.031618825586478216,0.0002914177473408131,0.03861285152265773,ok
이효석,서정감각형,하얼빈,하얼빈.txt,final_corpus/이효석/하얼빈.txt,utf-8,10080,7492,2544,238,10.6890756302521,7.8566440321591235,9.0,0.10504201680672269,0.2773109243697479,0.4411764705882353,0.17647058823529413,0.9447410571276028,0,0.0,0,0.0,0.0,120,10,1,0,8,0.3487394957983193,0.04201680672268908,0.004201680672268907,0.0,0.03361344537815126,0.717374213836478,0.054638364779874216,0.02279874213836478,0.020440251572327043,0.004323899371069182,0.054638364779874216,0.014544025157232705,0.006289308176100629,0.004323899371069182,0.04363207547169811,0.0031446540880503146,0.009433962264150943,ok
현진건,현실묘사형,B사감과_러브레터,B사감과_러브레터.txt,final_corpus/현진건/B사감과_러브레터.txt,utf-8,5491,4068,1426,122,11.688524590163935,9.840600047688945,8.0,0.16393442622950818,0.29508196721311475,0.2786885245901639,0.26229508196721313,0.9299410029498525,0,0.0,0,0.0,0.0,70,50,20,9,10,0.36885245901639346,0.4098360655737705,0.16393442622950818,0.07377049180327869,0.08196721311475409,0.7650771388499299,0.05539971949509116,0.030154277699859747,0.011921458625525946,0.002805049088359046,0.04838709677419355,0.01753155680224404,0.0091164095371669,0.0035063113604488078,0.04067321178120617,0.0,0.021739130434782608,short_text
현진건,현실묘사형,고향,고향.txt,final_corpus/현진건/고향.txt,utf-8,5434,4035,1402,139,10.086330935251798,8.310071911304822,8.0,0.1510791366906475,0.3237410071942446,0.33093525179856115,0.19424460431654678,0.9273853779429988,0,0.0,0,0.0,0.0,94,28,23,3,2,0.38848920863309355,0.2014388489208633,0.16546762589928057,0.02158273381294964,0.014388489208633094,0.7681883024251069,0.05706134094151213,0.023537803138373753,0.009985734664764621,0.0028530670470756064,0.04778887303851641,0.006419400855920114,0.009985734664764621,0.0021398002853067048,0.03495007132667618,0.007132667617689016,0.014265335235378032,short_text
현진건,현실묘사형,빈처,빈처.txt,final_corpus/현진건/빈처.txt,utf-8,13570,10063,3493,360,9.702777777777778,6.642706364088824,8.0,0.1388888888888889,0.2861111111111111,0.425,0.15,0.9288482559872802,0,0.0,0,0.0,0.0,220,65,13,48,50,0.36944444444444446,0.18055555555555555,0.03611111111111111,0.13333333333333333,0.1388888888888889,0.6160893215001432,0.08789006584597767,0.020326367019753794,0.018322359003721728,0.002004008016032064,0.047237331806470086,0.0143143429716576,0.012024048096192385,0.002004008016032064,0.03864872602347552,0.00429430289149728,0.011451474377326082,ok
현진건,현실묘사형,운수_좋은_날,운수_좋은_날.txt,final_corpus/현진건/운수_좋은_날.txt,utf-8,10242,7571,2662,269,9.895910780669144,7.166912174600298,8.0,0.11895910780669144,0.379182156133829,0.31970260223048325,0.1821561338289963,0.9295997886672831,0,0.0,0,0.0,0.0,134,102,4,19,18,0.3308550185873606,0.379182156133829,0.01486988847583643,0.07063197026022305,0.06691449814126393,0.6769346356123216,0.04244928625093914,0.021788129226145755,0.009391435011269721,0.003005259203606311,0.04770848985725019,0.010894064613072877,0.006386175807663411,0.0011269722013523666,0.04620586025544703,0.008640120210368144,0.013523666416228399,ok
현진건,현실묘사형,할머니의_죽음,할머니의_죽음.txt,final_corpus/현진건/할머니의_죽음.txt,utf-8,9772,7308,2455,321,7.64797507788162,6.065381359805609,6.0,0.2616822429906542,0.3644859813084112,0.2772585669781931,0.09657320872274143,0.9168035030103996,0,0.0,12,0.0016420361247947454,0.0,130,85,39,21,50,0.3115264797507788,0.26479750778816197,0.12149532710280374,0.06542056074766354,0.1557632398753894,0.6712830957230143,0.0725050916496945,0.024439918533604887,0.010997963340122199,0.000814663951120163,0.05539714867617108,0.005295315682281059,0.004480651731160896,0.002036659877800407,0.04073319755600815,0.0,0.006109979633401222,ok
채만식,사회비판형,레디메이드_인생,레디메이드_인생.txt,final_corpus/채만식/레디메이드_인생.txt,utf-8,23122,17492,5669,667,8.499250374812593,6.645979229415497,7.0,0.2383808095952024,0.29985007496251875,0.328335832083958,0.13343328335832083,0.9105876972330208,0,0.0,0,0.0,0.0,326,58,63,32,197,0.3118440779610195,0.08695652173913043,0.0944527736131934,0.047976011994003,0.29535232383808097,0.6362674192979362,0.05203739636620215,0.0298112541894514,0.013229846533780208,0.0035279590756747223,0.050802610689716,0.006526724289998236,0.002822367260539778,0.0017639795378373612,0.029105662374316457,0.010760275180807903,0.014464632210266361,ok
채만식,사회비판형,미스터_방,미스터_방.txt,final_corpus/채만식/미스터_방.txt,utf-8,10998,8228,2780,245,11.346938775510203,9.45440404970229,8.0,0.18775510204081633,0.24897959183673468,0.33877551020408164,0.22448979591836735,0.9084832280019446,0,0.0,0,0.0,0.0,136,276,17,9,24,0.3306122448979592,1.126530612244898,0.06938775510204082,0.036734693877551024,0.09795918367346938,0.7251798561151079,0.03884892086330935,0.01870503597122302,0.008633093525179856,0.0017985611510791368,0.05251798561151079,0.003237410071942446,0.001079136690647482,0.001079136690647482,0.02410071942446043,0.0035971223021582736,0.013309352517985611,ok
채만식,사회비판형,치숙,치숙.txt,final_corpus/채만식/치숙.txt,utf-8,14044,10350,3424,315,10.86984126984127,9.276299120426753,8.0,0.19365079365079366,0.2761904761904762,0.2920634920634921,0.23809523809523808,0.9181642512077295,0,0.0,0,0.0,0.0,270,125,94,31,78,0.26666666666666666,0.3968253968253968,0.2984126984126984,0.09841269841269841,0.24761904761904763,0.6320093457943925,0.07184579439252337,0.029789719626168224,0.012266355140186916,0.003796728971962617,0.04935747663551402,0.004672897196261682,0.0014602803738317756,0.002628504672897196,0.01255841121495327,0.014310747663551402,0.023072429906542055,ok
채만식,사회비판형,태평천하,태평천하.txt,final_corpus/채만식/태평천하.txt,utf-8,48878,36983,11928,1142,10.444833625218914,9.656446379030617,7.0,0.2775831873905429,0.22679509632224168,0.2714535901926445,0.22416812609457093,0.9113376416191223,0,0.0,0,0.0,0.0,583,986,183,224,448,0.37565674255691767,0.8633975481611208,0.16024518388791595,0.19614711033274956,0.3922942206654991,0.5912139503688799,0.04594232059020791,0.023474178403755867,0.013078470824949699,0.0020959087860496313,0.05457746478873239,0.0061200536552649225,0.0018443997317236754,0.0018443997317236754,0.041666666666666664,0.0061200536552649225,0.015425888665325285,ok
채만식,사회비판형,허생전,허생전.txt,final_corpus/채만식/허생전.txt,utf-8,54590,41226,13363,1186,11.267284991568296,8.546187904827189,9.0,0.16188870151770657,0.23355817875210794,0.3608768971332209,0.2436762225969646,0.9269635666812206,0,0.0,0,0.0,0.0,704,974,84,3,81,0.3600337268128162,0.821247892074199,0.07082630691399663,0.002529510961214165,0.06829679595278246,0.521140462471002,0.05111127740776772,0.027014891865599043,0.010177355384269999,0.0014966699094514705,0.06173763376487316,0.00404100875551897,0.0024695053505949262,0.0012721694230337498,0.025742722442565293,0.010701189852578013,0.01317069520317294,ok
이광수,계몽논설형,가실,가실.txt,final_corpus/이광수/가실.txt,utf-8,19234,14193,5055,487,10.379876796714578,7.9460091351436315,9.0,0.13347022587268995,0.31211498973305957,0.35728952772073924,0.1971252566735113,0.9198900866624392,0,0.0,0,0.0,0.0,260,332,28,20,28,0.35523613963039014,0.6817248459958932,0.057494866529774126,0.04106776180698152,0.057494866529774126,0.5533135509396637,0.059742828882294756,0.014441147378832838,0.006923837784371909,0.0019782393669634025,0.06587537091988131,0.011275964391691394,0.005143422354104847,0.002373887240356083,0.03105835806132542,0.0003956478733926805,0.017804154302670624,ok
이광수,계몽논설형,단종애사,단종애사.txt,final_corpus/이광수/단종애사.txt,utf-8,45663,33969,11753,1058,11.108695652173912,8.843017601614138,9.0,0.12098298676748583,0.30151228733459357,0.3553875236294896,0.222117202268431,0.9428596661662104,0,0.0,0,0.0,0.0,420,311,68,1,8,0.30434782608695654,0.2939508506616257,0.06427221172022685,0.000945179584120983,0.007561436672967864,0.49868118778184295,0.04688164723900281,0.026801667659321026,0.011571513656087808,0.001786777843954735,0.03207691653194929,0.004424402280268867,0.003913894324853229,0.0026376244363141327,0.02492980515613035,0.0004254232961796988,0.013613545477750361,ok
이광수,계몽논설형,무명,무명.txt,final_corpus/이광수/무명.txt,utf-8,44313,32795,11552,1036,11.150579150579151,9.367368690816068,9.0,0.13223938223938225,0.29633204633204635,0.3503861003861004,0.22104247104247104,0.9362097880774508,0,0.0,6,0.00018295471870711998,0.0,408,566,231,25,4,0.3166023166023166,0.5463320463320464,0.22297297297297297,0.02413127413127413,0.003861003861003861,0.4809556786703601,0.0684729916897507,0.021208448753462603,0.02328601108033241,0.0024238227146814403,0.047351108033240996,0.011599722991689751,0.002077562326869806,0.0023372576177285317,0.02389196675900277,0.002943213296398892,0.016707063711911357,ok
이광수,계몽논설형,소년의_비애,소년의_비애.txt,final_corpus/이광수/소년의_비애.txt,utf-8,12441,9339,3115,289,10.778546712802768,7.341361939026725,9.0,0.07612456747404844,0.31141868512110726,0.4532871972318339,0.15916955017301038,0.942070885533783,0,0.0,0,0.0,0.0,100,111,6,7,4,0.22145328719723184,0.38408304498269896,0.020761245674740483,0.02422145328719723,0.01384083044982699,0.6022471910112359,0.048154093097913325,0.02086677367576244,0.015088282504012842,0.0016051364365971107,0.06292134831460675,0.004173354735152488,0.012199036918138041,0.0022471910112359553,0.03242375601926164,0.0006420545746388443,0.017014446227929372,ok
이광수,계몽논설형,윤광호,윤광호.txt,final_corpus/이광수/윤광호.txt,utf-8,14566,10914,3668,332,11.048192771084338,7.6444382719046,9.5,0.1355421686746988,0.25301204819277107,0.4036144578313253,0.20783132530120482,0.939802089059923,0,0.0,0,0.0,0.0,134,104,16,5,12,0.25301204819277107,0.3132530120481928,0.04819277108433735,0.015060240963855422,0.03614457831325301,0.5965103598691385,0.03789531079607415,0.026172300981461286,0.03271537622682661,0.0024536532170119957,0.03326063249727372,0.0054525627044711015,0.014176663031624863,0.0024536532170119957,0.03026172300981461,0.0027262813522355507,0.015539803707742638,ok
김동인,현실묘사형,감자,감자.txt,final_corpus/김동인/감자.txt,utf-8,6230,4666,1568,206,7.611650485436893,6.395133176397422,6.0,0.27184466019417475,0.38349514563106796,0.23786407766990292,0.10679611650485436,0.904414916416631,0,0.0,0,0.0,0.0,110,86,19,2,14,0.3155339805825243,0.4174757281553398,0.09223300970873786,0.009708737864077669,0.06796116504854369,0.6581632653061225,0.04783163265306122,0.013392857142857142,0.003826530612244898,0.0006377551020408163,0.044642857142857144,0.001913265306122449,0.001913265306122449,0.0006377551020408163,0.026785714285714284,0.009566326530612245,0.01594387755102041,short_text
김동인,현실묘사형,광염_소나타,광염_소나타.txt,final_corpus/김동인/광염_소나타.txt,utf-8,18626,14026,4642,418,11.105263157894736,8.744016193324503,9.0,0.16985645933014354,0.22966507177033493,0.3684210526315789,0.23205741626794257,0.9254955083416512,0,0.0,12,0.0008555539711963497,0.0,224,199,53,8,42,0.2751196172248804,0.47607655502392343,0.12679425837320574,0.019138755980861243,0.10047846889952153,0.5607496768634209,0.05536406721240845,0.020249892287806978,0.02046531667384748,0.004308487720809996,0.04028436018957346,0.007324429125376993,0.0071090047393364926,0.001077121930202499,0.03059026281775097,0.003877638948728996,0.01680310211115898,ok
김동인,현실묘사형,배따라기,배따라기.txt,final_corpus/김동인/배따라기.txt,utf-8,12542,9393,3170,332,9.548192771084338,8.9806064335682,7.0,0.2560240963855422,0.3192771084337349,0.22289156626506024,0.20180722891566266,0.9185563717662089,0,0.0,0,0.0,0.0,179,177,24,29,24,0.3313253012048193,0.5331325301204819,0.07228915662650602,0.08734939759036145,0.07228915662650602,0.5930599369085173,0.07287066246056782,0.026813880126182965,0.010094637223974764,0.0015772870662460567,0.06372239747634069,0.01167192429022082,0.006309148264984227,0.0037854889589905363,0.02113564668769716,0.0003154574132492114,0.012302839116719243,ok
김동인,현실묘사형,붉은_산,붉은_산.txt,final_corpus/김동인/붉은_산.txt,utf-8,5116,3871,1262,138,9.144927536231885,7.307481499416486,7.0,0.2028985507246377,0.35507246376811596,0.2536231884057971,0.18840579710144928,0.9082924308964092,0,0.0,0,0.0,0.0,2,30,13,9,12,0.007246376811594203,0.21739130434782608,0.09420289855072464,0.06521739130434782,0.08695652173913043,0.6909667194928685,0.05467511885895404,0.019809825673534072,0.01347068145800317,0.000792393026941363,0.0554675118858954,0.006339144215530904,0.006339144215530904,0.004754358161648178,0.039619651347068144,0.003169572107765452,0.011885895404120444,short_text
김동인,현실묘사형,약한_자의_슬픔,약한_자의_슬픔.txt,final_corpus/김동인/약한_자의_슬픔.txt,utf-8,47138,35551,11621,1637,7.098961514966402,5.959236822203029,5.0,0.3011606597434331,0.3396456933414783,0.27000610873549175,0.08918753817959682,0.9075694073303142,0,0.0,0,0.0,0.0,785,365,190,114,248,0.29383017715332926,0.22296884544899206,0.11606597434331094,0.06963958460598656,0.15149664019547954,0.4281042939506067,0.0402719215213837,0.020308062989415714,0.034162292401686604,0.0031838912313914467,0.04577919284054729,0.009465622579812408,0.012735564925565787,0.0024954823164959985,0.027622407710179847,0.0008605111436193099,0.011789002667584545,ok
나도향,현실묘사형,물레방아,물레방아.txt,final_corpus/나도향/물레방아.txt,utf-8,12472,9332,3130,427,7.330210772833723,5.964068892473465,6.0,0.2646370023419204,0.3583138173302108,0.2903981264637002,0.08665105386416862,0.9151307329618517,0,0.0,0,0.0,0.0,240,105,72,84,4,0.4098360655737705,0.2459016393442623,0.1686182669789227,0.19672131147540983,0.00936768149882904,0.6070287539936102,0.06070287539936102,0.022364217252396165,0.015654952076677317,0.0012779552715654952,0.04536741214057508,0.010543130990415336,0.010543130990415336,0.003194888178913738,0.040575079872204475,0.006389776357827476,0.013099041533546326,ok
나도향,현실묘사형,벙어리_삼룡이,벙어리_삼룡이.txt,final_corpus/나도향/벙어리_삼룡이.txt,utf-8,11456,8542,2914,255,11.427450980392157,8.43856874843755,9.0,0.12549019607843137,0.2627450980392157,0.3607843137254902,0.25098039215686274,0.9545773823460548,0,0.0,0,0.0,0.0,60,53,2,11,2,0.14901960784313725,0.20784313725490197,0.00784313725490196,0.043137254901960784,0.00784313725490196,0.6259437199725463,0.04667124227865477,0.031571722717913524,0.009265614275909403,0.0024021962937542897,0.05799588194921071,0.007892930679478381,0.007892930679478381,0.001029512697323267,0.04632807137954702,0.001029512697323267,0.011324639670555936,ok
나도향,현실묘사형,뽕,뽕.txt,final_corpus/나도향/뽕.txt,utf-8,14789,10998,3785,444,8.524774774774775,10.02729691930144,6.0,0.268018018018018,0.36486486486486486,0.24549549549549549,0.12162162162162163,0.9207128568830697,0,0.0,0,0.0,0.0,268,148,63,56,17,0.45495495495495497,0.3333333333333333,0.14189189189189189,0.12612612612612611,0.038288288288288286,0.621664464993395,0.053368560105680314,0.02404227212681638,0.00845442536327609,0.002642007926023778,0.04438573315719947,0.007661822985468956,0.003170409511228534,0.001321003963011889,0.03117569352708058,0.004227212681638045,0.019022457067371202,ok
나도향,현실묘사형,옛날_꿈은_창백하더이다,옛날_꿈은_창백하더이다.txt,final_corpus/나도향/옛날_꿈은_창백하더이다.txt,utf-8,14317,10722,3600,310,11.612903225806452,9.843869614670583,9.0,0.14516129032258066,0.27741935483870966,0.3064516129032258,0.2709677419354839,0.9516881178884536,0,0.0,0,0.0,0.0,104,84,21,24,6,0.25161290322580643,0.2709677419354839,0.06774193548387097,0.07741935483870968,0.01935483870967742,0.635,0.09277777777777778,0.02388888888888889,0.0175,0.005833333333333334,0.044444444444444446,0.014166666666666666,0.008611111111111111,0.005833333333333334,0.03805555555555556,0.0022222222222222222,0.01361111111111111,ok
나도향,현실묘사형,피묻은_편지_몇_쪽,피묻은_편지_몇_쪽.txt,final_corpus/나도향/피묻은_편지_몇_쪽.txt,utf-8,19212,14334,4876,416,11.721153846153847,9.37489151811003,10.0,0.21394230769230768,0.18509615384615385,0.3293269230769231,0.27163461538461536,0.9527696386214595,0,0.0,6,0.0004185851820845542,0.0,128,124,52,27,2,0.18509615384615385,0.2980769230769231,0.125,0.06490384615384616,0.004807692307692308,0.55701394585726,0.08490566037735849,0.025225594749794914,0.026251025430680888,0.003281378178835111,0.04819524200164069,0.007178014766201805,0.01989335520918786,0.001435602953240361,0.04163248564397047,0.00041017227235438887,0.0047169811320754715,ok
심훈,계몽논설형,봄은_왔건만,봄은_왔건만.txt,final_corpus/심훈/봄은_왔건만.txt,utf-8,10867,8293,2407,224,10.745535714285714,7.817247282141781,9.0,0.14285714285714285,0.26785714285714285,0.34375,0.24553571428571427,0.9378994332569637,0,0.0,0,0.0,0.0,163,12,41,15,19,0.4330357142857143,0.05357142857142857,0.18303571428571427,0.06696428571428571,0.08482142857142858,0.7980889073535521,0.06522642293311176,0.023265475695886995,0.019526381387619442,0.0029081844619858743,0.07104279185708351,0.009970918155380142,0.011632737847943497,0.022434565849605317,0.056086414624013294,0.0012463647694225177,0.02201911092646448,ok
심훈,계몽논설형,상록수,상록수.txt,final_corpus/심훈/상록수.txt,utf-8,48176,36192,11984,1041,11.512007684918348,8.13621426811362,10.0,0.10470701248799232,0.27953890489913547,0.3746397694524496,0.24111431316042267,0.9316423519009726,0,0.0,2,5.5260831122900086e-05,0.0,599,610,104,55,84,0.40057636887608067,0.5859750240153698,0.09990393852065321,0.052833813640730067,0.08069164265129683,0.5843624833110814,0.0553237650200267,0.021445260347129506,0.009345794392523364,0.0033377837116154874,0.07326435246995995,0.009429238985313752,0.0030040053404539386,0.0024198931909212283,0.04013684913217624,0.0038384512683578105,0.02102803738317757,ok
심훈,계몽논설형,신혼여행,신혼여행.txt,final_corpus/심훈/신혼여행.txt,utf-8,9155,6874,2161,182,11.873626373626374,7.482614797786378,11.0,0.14835164835164835,0.14285714285714285,0.46153846153846156,0.24725274725274726,0.9434099505382602,0,0.0,2,0.0002909514111143439,0.0,112,0,23,10,13,0.44505494505494503,0.0,0.12637362637362637,0.054945054945054944,0.07142857142857142,0.8098102730217492,0.06987505784359092,0.01897269782508098,0.012031466913465988,0.0018509949097639982,0.07311429893567793,0.01156871818602499,0.0041647385469689956,0.023600185099490977,0.05460434983803795,0.0018509949097639982,0.016196205460434984,ok
심훈,계몽논설형,영원의_미소,영원의_미소.txt,final_corpus/심훈/영원의_미소.txt,utf-8,47419,35709,11747,1211,9.700247729149464,6.333439880100566,8.0,0.12881915772089184,0.3129644921552436,0.3864574731626755,0.1717588769611891,0.9405752051303593,0,0.0,0,0.0,0.0,588,200,124,48,48,0.3319570602807597,0.16515276630883569,0.10239471511147812,0.03963666391412056,0.03963666391412056,0.5876393972929258,0.059164041883033966,0.023665616753213586,0.022729207457223122,0.0040010215374138075,0.06657018813314038,0.008342555546096876,0.005192815186856219,0.002809227887971397,0.04247893079084022,0.002383587298884822,0.01651485485655912,ok
심훈,계몽논설형,황공의_최후,황공의_최후.txt,final_corpus/심훈/황공의_최후.txt,utf-8,17443,13042,4408,344,12.813953488372093,8.449248800938593,11.5,0.08139534883720931,0.22674418604651161,0.37790697674418605,0.313953488372093,0.9561416960588867,0,0.0,0,0.0,0.0,147,25,34,39,10,0.2616279069767442,0.07267441860465117,0.09883720930232558,0.11337209302325581,0.029069767441860465,0.6665154264972777,0.0750907441016334,0.023593466424682397,0.007259528130671506,0.003176043557168784,0.07531760435571688,0.008166969147005444,0.0027223230490018148,0.003176043557168784,0.03765880217785844,0.0006805807622504537,0.01293103448275862,ok
최서해,사회비판형,기아와_살육,기아와_살육.txt,final_corpus/최서해/기아와_살육.txt,utf-8,10647,7926,2732,360,7.588888888888889,5.746775800287099,6.0,0.225,0.40555555555555556,0.28055555555555556,0.08888888888888889,0.9284632853898561,0,0.0,0,0.0,0.0,104,55,58,52,14,0.19722222222222222,0.1527777777777778,0.16111111111111112,0.14444444444444443,0.03888888888888889,0.6548316251830161,0.05929721815519766,0.01793557833089312,0.018667642752562226,0.0010980966325036604,0.04648609077598829,0.020863836017569547,0.009150805270863836,0.004758418740849195,0.04209370424597365,0.0021961932650073207,0.01793557833089312,ok
최서해,사회비판형,누이동생을_따라,누이동생을_따라.txt,final_corpus/최서해/누이동생을_따라.txt,utf-8,18692,14013,4684,562,8.334519572953736,5.313835818286958,7.0,0.1708185053380783,0.35587188612099646,0.36298932384341637,0.1103202846975089,0.9241418682651823,0,0.0,0,0.0,0.0,230,98,42,22,152,0.29359430604982206,0.17437722419928825,0.07473309608540925,0.03914590747330961,0.2704626334519573,0.5871050384286934,0.07877882152006832,0.017292912040990607,0.012169086251067465,0.0025619128949615714,0.06447480785653288,0.017506404782237403,0.004696840307429547,0.0025619128949615714,0.037574722459436376,0.002775405636208369,0.019427839453458582,ok
최서해,사회비판형,박돌의_죽음,박돌의_죽음.txt,final_corpus/최서해/박돌의_죽음.txt,utf-8,11127,8327,2809,461,6.093275488069414,4.479160992577203,5.0,0.32537960954446854,0.3752711496746204,0.25379609544468545,0.0455531453362256,0.9002041551579201,0,0.0,0,0.0,0.0,210,85,68,100,50,0.3579175704989154,0.1843817787418655,0.1475054229934924,0.21691973969631237,0.10845986984815618,0.6318974724101104,0.04093983624065504,0.017087931648273408,0.004983980064079744,0.001423994304022784,0.05019579921680313,0.034175863296546816,0.002491990032039872,0.0088999644001424,0.05411178355286579,0.00177999288002848,0.03381986472054112,ok
최서해,사회비판형,탈출기,탈출기.txt,final_corpus/최서해/탈출기.txt,utf-8,8653,6414,2178,280,7.7785714285714285,5.056209558754544,7.0,0.18214285714285713,0.4142857142857143,0.32142857142857145,0.08214285714285714,0.9359214218896165,0,0.0,0,0.0,0.0,22,36,24,33,18,0.05714285714285714,0.12857142857142856,0.08571428571428572,0.11785714285714285,0.06428571428571428,0.6735537190082644,0.13544536271809,0.03305785123966942,0.01652892561983471,0.0013774104683195593,0.049586776859504134,0.004132231404958678,0.008723599632690543,0.0027548209366391185,0.031221303948576674,0.005050505050505051,0.010560146923783287,ok
최서해,사회비판형,홍염,홍염.txt,final_corpus/최서해/홍염.txt,utf-8,15715,11652,3953,473,8.357293868921776,7.456798384582579,6.0,0.28752642706131076,0.29809725158562367,0.2769556025369979,0.13742071881606766,0.9103158256093374,0,0.0,0,0.0,0.0,199,61,55,120,135,0.33192389006342493,0.12896405919661733,0.11627906976744186,0.2536997885835095,0.2854122621564482,0.6162408297495573,0.052618264609157604,0.015178345560333924,0.007336200354161397,0.0010118897040222615,0.062484189223374655,0.01543131798633949,0.004047558816089046,0.005312420946116873,0.042499367568934986,0.0030356691120667846,0.02732102200860106,ok
강경애,사회비판형,검둥이,검둥이.txt,final_corpus/강경애/검둥이.txt,utf-8,8895,6601,2215,220,10.068181818181818,6.698024563843525,9.0,0.12727272727272726,0.2772727272727273,0.4409090909090909,0.15454545454545454,0.9368277533707015,0,0.0,0,0.0,0.0,62,76,8,10,10,0.18636363636363637,0.34545454545454546,0.03636363636363636,0.045454545454545456,0.045454545454545456,0.7544018058690745,0.06275395033860046,0.021218961625282168,0.011286681715575621,0.004966139954853273,0.07404063205417608,0.01309255079006772,0.004514672686230248,0.016252821670428894,0.055079006772009026,0.0013544018058690745,0.017155756207674944,ok
강경애,사회비판형,소금,소금.txt,final_corpus/강경애/소금.txt,utf-8,41517,30773,10619,1180,8.999152542372881,5.7605466395907525,8.0,0.14322033898305084,0.3220338983050847,0.42033898305084744,0.11440677966101695,0.9453741916615215,0,0.0,0,0.0,0.0,274,112,55,88,126,0.1669491525423729,0.09491525423728814,0.046610169491525424,0.07457627118644068,0.10677966101694915,0.4798003578491383,0.05433656653168848,0.02335436481777945,0.01572652792164987,0.0032959789057350032,0.06846219041340992,0.013843111404087014,0.004896882945663434,0.00574442037856672,0.0407759676052359,0.0031076372539787173,0.01855165269799416,ok
강경애,사회비판형,어머니와_딸,어머니와_딸.txt,final_corpus/강경애/어머니와_딸.txt,utf-8,83596,63397,20221,3227,6.266191509141618,4.670299298297966,5.0,0.31546327858692286,0.3867369073442826,0.25472575147195536,0.04307406259683917,0.9077874347366595,0,0.0,0,0.0,0.0,1829,600,374,266,165,0.3789897737837,0.18593120545398203,0.11589711806631546,0.0824295010845987,0.051131081499845056,0.41995944809851143,0.057316651006379504,0.017160377825033383,0.012561198753770833,0.0030661193808416993,0.0650808565352851,0.01097868552494931,0.007269670144898868,0.010039068295336531,0.04173878641016765,0.0009890707680134513,0.01597349290341724,long_text
강경애,사회비판형,원고료_이백원,원고료_이백원.txt,final_corpus/강경애/원고료_이백원.txt,utf-8,8016,5940,2075,218,9.51834862385321,6.283233333735732,8.0,0.12385321100917432,0.3211009174311927,0.4036697247706422,0.15137614678899083,0.942929292929293,0,0.0,0,0.0,0.0,30,53,12,13,20,0.11009174311926606,0.24311926605504589,0.05504587155963303,0.05963302752293578,0.09174311926605505,0.687710843373494,0.12289156626506025,0.04048192771084337,0.017349397590361446,0.0038554216867469878,0.05783132530120482,0.0024096385542168677,0.0038554216867469878,0.0019277108433734939,0.03518072289156626,0.010602409638554217,0.01108433734939759,ok
강경애,사회비판형,인간문제,인간문제.txt,final_corpus/강경애/인간문제.txt,utf-8,48212,36304,11918,1769,6.737139626907857,4.8397011997587605,6.0,0.2826455624646693,0.3713962690785755,0.2922555115884681,0.053702656868287166,0.9108362714852358,0,0.0,0,0.0,0.0,810,337,244,111,452,0.32278123233465233,0.19050310910118712,0.13793103448275862,0.06274731486715658,0.25551158846806105,0.45108239637523073,0.05487497902332606,0.018123846282933377,0.015942272193321026,0.0015942272193321028,0.06460815573082732,0.012334284275885215,0.0027689209598925992,0.002265480785366672,0.034233931867763044,0.004363148179224702,0.012921631146165465,ok
계용묵,서정감각형,거울,거울.txt,final_corpus/계용묵/거울.txt,utf-8,4686,3482,1203,91,13.219780219780219,12.046432327449837,8.0,0.1978021978021978,0.2967032967032967,0.17582417582417584,0.32967032967032966,0.9494543365881677,0,0.0,0,0.0,0.0,40,29,6,12,8,0.3076923076923077,0.31868131868131866,0.06593406593406594,0.13186813186813187,0.08791208791208792,0.7240232751454697,0.03740648379052369,0.032418952618453865,0.011637572734829594,0.004987531172069825,0.07896924355777224,0.006650041562759767,0.00914380714879468,0.0008312551953449709,0.03325020781379884,0.0,0.00831255195344971,short_text
계용묵,서정감각형,백치_아다다,백치_아다다.txt,final_corpus/계용묵/백치_아다다.txt,utf-8,13785,10253,3530,287,12.29965156794425,11.633819192660464,9.0,0.20557491289198607,0.25435540069686413,0.289198606271777,0.2508710801393728,0.9412854774212426,0,0.0,0,0.0,0.0,84,184,29,39,12,0.20209059233449478,0.6411149825783972,0.10104529616724739,0.13588850174216027,0.041811846689895474,0.6470254957507082,0.04759206798866856,0.03512747875354107,0.01586402266288952,0.0036827195467422098,0.04985835694050991,0.006515580736543909,0.009915014164305949,0.0008498583569405099,0.031444759206798865,0.013314447592067988,0.01643059490084986,ok
계용묵,서정감각형,별을_헨다,별을_헨다.txt,final_corpus/계용묵/별을_헨다.txt,utf-8,10047,7446,2597,334,7.775449101796407,6.328851974353456,6.0,0.2694610778443114,0.32934131736526945,0.2874251497005988,0.11377245508982035,0.911361804995971,0,0.0,0,0.0,0.0,180,70,34,19,24,0.37425149700598803,0.20958083832335328,0.10179640718562874,0.05688622754491018,0.0718562874251497,0.7273777435502503,0.05121293800539083,0.03619561031959954,0.009241432422025414,0.0019252984212552945,0.0712360415864459,0.007701193685021178,0.004620716211012707,0.0030804774740084712,0.03812090874085483,0.003850596842510589,0.012321909896033885,ok
계용묵,서정감각형,연애삽화,연애삽화.txt,final_corpus/계용묵/연애삽화.txt,utf-8,17314,12818,4493,317,14.173501577287066,12.79361253940251,10.0,0.17034700315457413,0.19242902208201892,0.30914826498422715,0.3280757097791798,0.9542830394757372,0,0.0,0,0.0,0.0,118,42,28,20,24,0.24605678233438485,0.13249211356466878,0.08832807570977919,0.06309148264984227,0.07570977917981073,0.6067215668818161,0.07033162697529491,0.03271756064989984,0.02270198085911418,0.0035610950367237926,0.04874248831515691,0.005119074115290452,0.015802359225461828,0.0008902737591809482,0.02314711773870465,0.0008902737591809482,0.010238148230580904,ok
계용묵,서정감각형,제비를_그리는_마음,제비를_그리는_마음.txt,final_corpus/계용묵/제비를_그리는_마음.txt,utf-8,6523,4817,1702,108,15.75925925925926,13.16692712145372,12.0,0.1111111111111111,0.19444444444444445,0.3333333333333333,0.3611111111111111,0.9653311189537056,0,0.0,0,0.0,0.0,18,8,6,12,6,0.12037037037037036,0.07407407407407407,0.05555555555555555,0.1111111111111111,0.05555555555555555,0.6974148061104583,0.04054054054054054,0.0499412455934195,0.021151586368977675,0.005875440658049354,0.0799059929494712,0.00763807285546416,0.013513513513513514,0.0011750881316098707,0.03172737955346651,0.0023501762632197414,0.021151586368977675,short_text
백신애,서정감각형,광인수기,광인수기.txt,final_corpus/백신애/광인수기.txt,utf-8,16992,12712,4255,548,7.764598540145985,6.4444047495526116,6.0,0.2864963503649635,0.29927007299270075,0.29927007299270075,0.11496350364963503,0.9235368156073002,0,0.0,0,0.0,0.0,97,123,34,36,185,0.14233576642335766,0.22445255474452555,0.06204379562043796,0.06569343065693431,0.3375912408759124,0.5957696827262045,0.09071680376028202,0.02138660399529965,0.01574618096357227,0.00282021151586369,0.05334900117508813,0.005170387779083431,0.008695652173913044,0.004700352526439483,0.02608695652173913,0.0007050528789659225,0.010105757931844888,ok
백신애,서정감각형,꺼래이,꺼래이.txt,final_corpus/백신애/꺼래이.txt,utf-8,16172,12174,4024,409,9.838630806845966,7.12537900733503,8.0,0.19315403422982885,0.2616136919315403,0.3594132029339853,0.18581907090464547,0.9283719402004271,0,0.0,0,0.0,0.0,228,73,23,17,92,0.39853300733496333,0.1784841075794621,0.05623471882640587,0.04156479217603912,0.22493887530562348,0.5760437375745527,0.059145129224652086,0.01441351888667992,0.011679920477137177,0.0014910536779324055,0.06933399602385686,0.009443339960238568,0.004721669980119284,0.003976143141153081,0.03926441351888668,0.0007455268389662028,0.013170974155069582,ok
백신애,서정감각형,나의_어머니,나의_어머니.txt,final_corpus/백신애/나의_어머니.txt,utf-8,7658,5690,1951,204,9.563725490196079,9.556891458838324,7.0,0.22058823529411764,0.3480392156862745,0.27941176470588236,0.15196078431372548,0.9377855887521969,0,0.0,0,0.0,0.0,72,11,22,30,28,0.27941176470588236,0.05392156862745098,0.10784313725490197,0.14705882352941177,0.13725490196078433,0.6740133264992312,0.07534597642234751,0.0292157867760123,0.01742696053305997,0.0046130189646335215,0.03587903639159405,0.007175807278318811,0.009226037929267043,0.0,0.032803690415171706,0.004100461301896463,0.007688364941055869,short_text
백신애,서정감각형,아름다운_노을,아름다운_노을.txt,final_corpus/백신애/아름다운_노을.txt,utf-8,39529,29425,10070,1144,8.802447552447552,7.387226332704711,7.0,0.2543706293706294,0.28496503496503495,0.30332167832167833,0.15734265734265734,0.9385556499575192,0,0.0,2,6.796941376380628e-05,0.0,374,100,58,116,154,0.26048951048951047,0.08741258741258741,0.050699300699300696,0.10139860139860139,0.1346153846153846,0.46663356504468717,0.0958291956305859,0.019662363455809333,0.01747765640516385,0.0030784508440913605,0.04796425024826217,0.005163853028798411,0.011221449851042701,0.0031777557100297915,0.05034756703078451,0.0004965243296921549,0.027805362462760674,ok
백신애,서정감각형,적빈,적빈.txt,final_corpus/백신애/적빈.txt,utf-8,11023,8149,2890,241,11.991701244813278,8.568489847551422,10.0,0.17842323651452283,0.1991701244813278,0.3112033195020747,0.3112033195020747,0.9446557859860105,0,0.0,0,0.0,0.0,160,19,15,17,24,0.3900414937759336,0.07883817427385892,0.06224066390041494,0.07053941908713693,0.0995850622406639,0.6401384083044983,0.04256055363321799,0.01972318339100346,0.013494809688581315,0.0034602076124567475,0.05916955017301038,0.006920415224913495,0.0020761245674740486,0.0038062283737024223,0.029411764705882353,0.006228373702422145,0.01453287197231834,ok
조명희,사회비판형,낙동강,낙동강.txt,final_corpus/조명희/낙동강.txt,utf-8,12317,9176,3149,314,10.028662420382165,9.066762643583683,8.0,0.14968152866242038,0.31528662420382164,0.39171974522292996,0.14331210191082802,0.9175021795989537,0,0.0,2,0.00021795989537925023,0.0,134,208,23,11,66,0.2961783439490446,0.6624203821656051,0.0732484076433121,0.03503184713375796,0.21019108280254778,0.6576691013020006,0.056525881232137185,0.014290250873293109,0.013972689742775483,0.0057161003493172435,0.06414734836456018,0.007939028262940616,0.0028580501746586218,0.001905366783105748,0.024452207049857098,0.007939028262940616,0.02604001270244522,ok
조명희,사회비판형,농촌_사람들,농촌_사람들.txt,final_corpus/조명희/농촌_사람들.txt,utf-8,14300,10650,3665,316,11.598101265822784,9.862978800808014,9.0,0.16772151898734178,0.25316455696202533,0.31962025316455694,0.25949367088607594,0.9396244131455399,0,0.0,3,0.00028169014084507044,0.0,136,82,29,26,74,0.29430379746835444,0.25949367088607594,0.09177215189873418,0.08227848101265822,0.23417721518987342,0.6346521145975443,0.05648021828103684,0.02100954979536153,0.012551159618008186,0.0024556616643929058,0.061937244201909956,0.009822646657571623,0.0068212824010914054,0.001364256480218281,0.02946793997271487,0.009004092769440655,0.02155525238744884,ok
조명희,사회비판형,땅_속으로,땅_속으로.txt,final_corpus/조명희/땅_속으로.txt,utf-8,27072,20210,6901,801,8.615480649188514,7.354885595458621,6.0,0.20724094881398253,0.34581772784019976,0.3233458177278402,0.12359550561797752,0.9207323107372588,0,0.0,1,4.948045522018802e-05,0.0,220,276,50,34,138,0.18352059925093633,0.3445692883895131,0.062421972534332085,0.04244694132334582,0.17228464419475656,0.5313722648891465,0.08085784668888567,0.021301260686856976,0.01840312998116215,0.0011592522822779308,0.054195044196493264,0.015504999275467323,0.004057382987972757,0.0027532241704100856,0.038255325315171715,0.00434719605854224,0.014925373134328358,ok
조명희,사회비판형,아들의_마음,아들의_마음.txt,final_corpus/조명희/아들의_마음.txt,utf-8,5559,4124,1448,114,12.701754385964913,13.220086939067983,9.0,0.14035087719298245,0.24561403508771928,0.42105263157894735,0.19298245614035087,0.9371968962172648,0,0.0,2,0.00048496605237633366,0.00024248302618816683,52,33,2,5,41,0.2719298245614035,0.2894736842105263,0.017543859649122806,0.043859649122807015,0.35964912280701755,0.7237569060773481,0.08080110497237569,0.022099447513812154,0.03314917127071823,0.003453038674033149,0.055248618784530384,0.004834254143646409,0.008287292817679558,0.0020718232044198894,0.052486187845303865,0.012430939226519336,0.007596685082872928,short_text
조명희,사회비판형,저기압,저기압.txt,final_corpus/조명희/저기압.txt,utf-8,5690,4258,1440,166,8.674698795180722,7.401739349045153,7.0,0.14457831325301204,0.42168674698795183,0.3313253012048193,0.10240963855421686,0.9060591827148896,0,0.0,0,0.0,0.0,48,62,20,21,40,0.21084337349397592,0.37349397590361444,0.12048192771084337,0.12650602409638553,0.24096385542168675,0.74375,0.06875,0.017361111111111112,0.03263888888888889,0.0006944444444444445,0.06597222222222222,0.015277777777777777,0.004861111111111111,0.0006944444444444445,0.029861111111111113,0.009722222222222222,0.018055555555555554,short_text
이무영,토속생활형,기차와_박노인,기차와_박노인.txt,final_corpus/이무영/기차와_박노인.txt,utf-8,13687,10299,3376,428,7.88785046728972,6.611837448465418,6.0,0.26869158878504673,0.3107476635514019,0.31542056074766356,0.10514018691588785,0.9243615885037382,0,0.0,0,0.0,0.0,196,86,45,122,14,0.3598130841121495,0.20093457943925233,0.10514018691588785,0.2850467289719626,0.03271028037383177,0.6863151658767772,0.061907582938388626,0.027251184834123223,0.008590047393364929,0.0017772511848341231,0.07079383886255924,0.005924170616113744,0.0005924170616113745,0.0020734597156398106,0.025177725118483412,0.0035545023696682463,0.025770142180094786,ok
이무영,토속생활형,나랏님_전_상사리,나랏님_전_상사리.txt,final_corpus/이무영/나랏님_전_상사리.txt,utf-8,10972,8216,2772,288,9.625,8.625201285896011,7.0,0.2013888888888889,0.3090277777777778,0.3229166666666667,0.16666666666666666,0.9315968841285297,0,0.0,23,0.0027994157740993185,0.0,82,109,13,24,1,0.1840277777777778,0.3784722222222222,0.04513888888888889,0.08333333333333333,0.003472222222222222,0.6677489177489178,0.05339105339105339,0.023448773448773448,0.006493506493506494,0.0007215007215007215,0.06782106782106782,0.004329004329004329,0.0010822510822510823,0.00036075036075036075,0.01443001443001443,0.017676767676767676,0.011904761904761904,ok
이무영,토속생활형,농부전초,농부전초.txt,final_corpus/이무영/농부전초.txt,utf-8,19338,14365,4954,665,7.449624060150376,5.061807814892801,6.0,0.19699248120300752,0.4150375939849624,0.32781954887218046,0.06015037593984962,0.9321266968325792,0,0.0,0,0.0,0.0,176,69,61,30,7,0.17293233082706766,0.1037593984962406,0.09172932330827067,0.045112781954887216,0.010526315789473684,0.6338312474767864,0.04299555914412596,0.030480419862737182,0.010092854259184497,0.005248284214775939,0.06257569640694388,0.003229713362939039,0.0030278562777553493,0.0024222850222042794,0.019983851433185304,0.0026241421073879695,0.018167137666532097,ok
이무영,토속생활형,죄와_벌,죄와_벌.txt,final_corpus/이무영/죄와_벌.txt,utf-8,37646,28314,9292,1162,7.9965576592082614,6.707689875710296,6.0,0.25989672977624784,0.33562822719449226,0.2882960413080895,0.11617900172117039,0.9305643851098396,0,0.0,0,0.0,0.0,475,232,86,38,50,0.2943201376936317,0.19965576592082615,0.07401032702237521,0.03270223752151463,0.043029259896729774,0.5637107188979767,0.04326302195436935,0.0284115368058545,0.023353422298751616,0.005273353422298751,0.05241067585019372,0.006564786913473956,0.005703831252690486,0.001829530779164873,0.023568661213947482,0.002582866982350409,0.014421007318123116,ok
이무영,토속생활형,흙의_노예,흙의_노예.txt,final_corpus/이무영/흙의_노예.txt,utf-8,52628,39276,13376,1373,9.74217042971595,7.519952984277153,8.0,0.14785142024763293,0.32483612527312455,0.3685360524399126,0.15877640203932994,0.9393013545167532,0,0.0,0,0.0,0.0,556,266,92,66,55,0.2811361981063365,0.1937363437727604,0.06700655498907501,0.04806991988346686,0.04005826656955572,0.5539772727272727,0.04680023923444976,0.025642942583732058,0.017793062200956937,0.005457535885167464,0.05756578947368421,0.004111842105263158,0.0048594497607655504,0.002242822966507177,0.02242822966507177,0.004410885167464114,0.024147727272727272,ok
